[{"title": "SpaceX plans first Starship orbital test flight for January 2022", "content": "SpaceX's hopes for a timely Starship orbital flight haven't gone according to plan, to put it mildly, but there might be hope on the horizon. According to TechCrunch, Elon Musk told a joint meeting o\u2026 [+1038 chars]", "url": "https://www.engadget.com/spacex-starship-orbital-flight-january-144550856.html"}, {"title": "Japanese firms will test a bank-backed cryptocurrency in 2022", "content": "Japan is about to take a significant step toward developing a digital currency. Per Reuters\r\n, a consortium made up of approximately 70 Japanese firms said this week they plan to launch a yen-based c\u2026 [+1057 chars]", "url": "https://www.engadget.com/japan-dcjpy-digital-currency-test-2022-013506959.html"}, {"title": "Facebook test offers more control over who you see in your News Feed", "content": "Facebook might soon help you manage the overly chatty people in your social stream. The Meta brand is testing News Feed controls that let you raise or lower the volume of content you see from friends\u2026 [+1013 chars]", "url": "https://www.engadget.com/facebook-news-feed-customization-test-201451379.html"}, {"title": "Windows 11 is getting a new Media Player app you can test today", "content": "This new app replaces Groove Music and Windows Media Player\r\nWindows 11s new media player.\r\nImage: Microsoft\r\nMicrosoft has created a new Media Player app for Windows 11, and its beginning to test th\u2026 [+1707 chars]", "url": "https://www.theverge.com/2021/11/16/22785617/microsoft-windows-11-media-player-app-audio-video-features"}, {"title": "US anger at Russian anti-satellite missile test debris", "content": "Image caption, Astronauts on the ISS are increasingly having to take precautionary measures when fragments from old satellites and rockets come close\r\nThe US has condemned Russia for conducting a \"da\u2026 [+4619 chars]", "url": "https://www.bbc.co.uk/news/science-environment-59299101"}, {"title": "Metallurgist admits faking steel test results for US Navy subs", "content": "Image source, Getty Images\r\nImage caption, The government has not disclosed which submarines were affected (file picture)\r\nA metallurgist in the US state of Washington has pleaded guilty to fraud aft\u2026 [+2276 chars]", "url": "https://www.bbc.co.uk/news/world-us-canada-59186655"}, {"title": "Fetal Viability, Long an Abortion Dividing Line, Faces a Supreme Court Test", "content": "If people are still able to get 95 percent of the abortions that happen in this country at 15 weeks or before, thats still very significant, he said. Thats not Roe being overturned. Roe being chipped\u2026 [+1673 chars]", "url": "https://www.nytimes.com/2021/11/28/us/politics/supreme-court-mississippi-abortion-law.html"}, {"title": "Jimmy Kimmel: Trump\u2019s Covid Test Is the Only Positive Thing He\u2019s Done", "content": "Meadows wrote that when he informed Trump hed tested positive, Trump replied, Oh, [expletive], you gotta be [expletive] kidding me, which is what most of us said when he was elected president. JIMMY \u2026 [+737 chars]", "url": "https://www.nytimes.com/2021/12/02/arts/television/jimmy-kimmel-trump-positive-covid-test.html"}, {"title": "Russian anti-satellite test adds to worsening problem of space debris", "content": "By Paul Rincon &amp; Jonathan AmosBBC News\r\nMedia caption, Space debris is becoming a major problem\r\nRussia has carried out a missile test, destroying one of its own satellites. The action has caused\u2026 [+7854 chars]", "url": "https://www.bbc.co.uk/news/science-environment-59307862"}, {"title": "Just a test: Emergency alert system test coming Wednesday - Globalnews.ca", "content": "The National Public Alerting System is doing a scheduled test Wednesday.\r\nThe Alert Ready system sends emergency alerts through televisions, radios and wireless devices in the event of life-threateni\u2026 [+1059 chars]", "url": "https://globalnews.ca/news/8377479/emergency-alert-system-test-november-17/"}, {"title": "Space junk is a massive problem. Russia's anti-satellite missile test just made it worse", "content": "(CNN)Days after world powers wrapped up a monumental climate summit in Glasgow, another environmental emergency was unfolding -- this time in space.\r\nOn Monday, Russia fired a missile at one of its o\u2026 [+4815 chars]", "url": "https://www.cnn.com/2021/11/16/world/space-junk-russia-anti-satellite-missile-test-scn-intl/index.html"}, {"title": "College Football\u2019s \u2018Great Man Theory\u2019 Gets a New Test at U.S.C.", "content": "Lincoln is the rarest combination of extraordinary person and elite football coach, Mike Bohn, U.S.C.s athletic director, said. His successes and offensive accolades as a head coach the past five yea\u2026 [+1847 chars]", "url": "https://www.nytimes.com/2021/11/29/sports/ncaafootball/usc-lincoln-riley-oklahoma.html"}, {"title": "New Zealand's Patel becomes third bowler to take 10 Test wickets in innings", "content": "Patel became only the third bowler in Test history to take all 10 wickets in an innings\r\nAjaz Patel became the third bowler in Test history to claim all 10 wickets in an innings as New Zealand bowled\u2026 [+809 chars]", "url": "https://www.bbc.co.uk/sport/cricket/59485301"}, {"title": "Ex-England batter Ballance denies failing recreational drugs test at Yorkshire", "content": "Gary Ballance played with Azeem Rafiq during his two spells at Yorkshire\r\nFormer England batter Gary Ballance has denied an allegation that he failed a recreational drugs test at Yorkshire.\r\nFormer t\u2026 [+1525 chars]", "url": "https://www.bbc.co.uk/sport/cricket/59310948"}, {"title": "Bangladesh's Mahmudullah retires from test cricket - Reuters", "content": "Nov 24 (Reuters) - Bangladesh all-rounder Mahmudullah has announced his retirement from test cricket at the age of 35 but will continue to play one-day internationals and Twenty20s, the country's cri\u2026 [+1071 chars]", "url": "https://www.reuters.com/lifestyle/sports/bangladeshs-mahmudullah-retires-test-cricket-2021-11-24/"}, {"title": "Take Five: First test of December - Reuters", "content": "Nov 26 (Reuters) - Fresh COVID-19 fears fuelled by a new variant rip through markets as we head towards year-end. Data points could provide the spark that re-ignites bond market ructions and a blowou\u2026 [+4753 chars]", "url": "https://www.reuters.com/business/take-five/global-markets-themes-takealook-2021-11-26/"}, {"title": "Russian anti-satellite weapons test 'dangerous' - US - Reuters", "content": "Posted \r\nAn anti-satellite weapons test by Russia against one of its own targets has generated debris that is a risk to astronauts on the International Space Station and other activities in outer spa\u2026 [+65 chars]", "url": "https://www.reuters.com/video/watch/idOVF3URO17"}, {"title": "Euro crumbles; traders wait on U.S. consumer test - Reuters", "content": "The European Central Bank (ECB) presents the new 50 euro note at the bank's headquarters in Frankfurt, Germany, July 5, 2016. REUTERS/Ralph Orlowski/File PhotoSYDNEY, Nov 16 (Reuters) - The euro was \u2026 [+3520 chars]", "url": "https://www.reuters.com/business/euro-crumbles-traders-wait-us-consumer-test-2021-11-16/"}, {"title": "U.S. says Russia carried out irresponsible anti-satellite test - Reuters", "content": "State Department spokesman Ned Price speaks at the State Department in Washington, DC, U.S. August 18, 2021. Andrew Harnik/Pool via REUTERS/File PhotoWASHINGTON, Nov 15 (Reuters) - The U.S. State Dep\u2026 [+749 chars]", "url": "https://www.reuters.com/world/us/us-says-russia-carried-out-irresponsible-anti-satellite-test-2021-11-15/"}, {"title": "Dollar bounces back ahead of U.S. inflation test - Reuters", "content": "LONDON, Nov 10 (Reuters) - The U.S. dollar bounced back against major peers on Wednesday after weakening over the past three days with investors ramping up bets ahead of U.S. inflation data which may\u2026 [+2196 chars]", "url": "https://www.reuters.com/business/dollar-bounces-back-ahead-us-inflation-test-2021-11-10/"}]